{
  "project_info": {
    "project_number": "930951351829",
    "firebase_url": "https://proactive-e799b.firebaseio.com",
    "project_id": "proactive-e799b",
    "storage_bucket": "proactive-e799b.appspot.com"
  },
  "client": [
    {
      "client_info": {
        "mobilesdk_app_id": "1:930951351829:android:9edd77a3bef15cd0c9481c",
        "android_client_info": {
          "package_name": "com.example.proactive"
        }
      },
      "oauth_client": [
        {
          "client_id": "930951351829-0u7faokckisf0h5r0nm05p93ss0dhrc3.apps.googleusercontent.com",
          "client_type": 1,
          "android_info": {
            "package_name": "com.example.proactive",
            "certificate_hash": "5a767f87a8d4e91fac34e718c9d7efbbd7fa7ecd"
          }
        },
        {
          "client_id": "930951351829-jd6b1m1k3l40tas3on4htron3g0rgnvq.apps.googleusercontent.com",
          "client_type": 3
        }
      ],
      "api_key": [
        {
          "current_key": "AIzaSyBhDCCrjsFJLbBSH3Syeggk6MB7Q1yW-8s"
        }
      ],
      "services": {
        "appinvite_service": {
          "other_platform_oauth_client": [
            {
              "client_id": "930951351829-jd6b1m1k3l40tas3on4htron3g0rgnvq.apps.googleusercontent.com",
              "client_type": 3
            }
          ]
        }
      }
    }
  ],
  "configuration_version": "1"
}